CREATE TABLE `MESSAGE`(
	ID				INT 	PRIMARY KEY AUTO_INCREMENT,
	MESSAGEID 		VARCHAR(255) 	NOT NULL,
	SENDID			VARCHAR(255) 	NOT NULL,
	RECID			VARCHAR(255)		NOT NULL,
	STATES			SMALLINT		NOT NULL
);

CREATE TABLE `MESSAGECONTENT`(
	MESSAGEID		VARCHAR(255) 	PRIMARY KEY ,
	CONTENT 		BLOB	NOT NULL,
	PDATE			VARCHAR(255)	NOT NULL
);

CREATE TABLE `MEMBERIMAGE`(
	ID				INT 			PRIMARY KEY AUTO_INCREMENT,
	MEMUUID 		VARCHAR(64) 	NOT NULL,
	IMAGEURL		VARCHAR(200) 	NOT NULL
);

CREATE TABLE `MEMBER` (
  `MEMUUID` VARCHAR(255) NOT NULL,
  `MEMSEX` INT DEFAULT NULL,
  `MEMMAIL` VARCHAR(255) DEFAULT NULL,
  `MEMPWD` VARCHAR(255) DEFAULT NULL,
  `MEMDEP` VARCHAR(255) DEFAULT NULL,
  `MEMNICKNAME` VARCHAR(255) DEFAULT NULL,
  `MEMADDRESS` VARCHAR(255) DEFAULT NULL,
  `MEMAGE` INT DEFAULT NULL,
  `MEMALCOHOL` INT DEFAULT NULL,
  `MEMASSETS` INT DEFAULT NULL,
  `MEMBIRTHDAY` VARCHAR(255) DEFAULT NULL,
  `MEMEDU` INT DEFAULT NULL,
  `MEMHEIGHT` INT DEFAULT NULL,
  `MEMINCOME` INT DEFAULT NULL,
  `MEMISVIP` INT DEFAULT NULL,
  `MEMLGD` INT DEFAULT NULL,
  `MEMMARRY` INT DEFAULT NULL,
  `MEMNAME` VARCHAR(255) DEFAULT NULL,
  `MEMPHONE` VARCHAR(255) DEFAULT NULL,
  `MEMRDATE` VARCHAR(255) DEFAULT NULL,
  `MEMSMOKE` INT DEFAULT NULL,
  `MEMSTA` INT DEFAULT NULL,
  `MEMWEIGHT` INT DEFAULT NULL,
  `MEMPICURL` VARCHAR(500) DEFAULT NULL,
  PRIMARY KEY (`MEMUUID`)
) ;


INSERT INTO `MEMBER` (memUuid, memSex, memMail, memPwd, memDep, memNickname, memAddress, memAge, memAlcohol, memAssets, memBirthday, memEdu, memHeight, memIncome, memIsvip, memLgd, memMarry, memName, memPhone, memRdate, memSmoke, memSta, memWeight) VALUES('496518e2-07cc-46f0-b311-12376b4df2b0', 1, '123@gmail.com', '1B900505D908B7F91BEFE67971B15201', 'test', 'yiwei', '基隆市仁愛區XXXXXX路', 30, 1, 150, '1991-10-23', 2, 174, 60, 0, 110, 0, '李定輝', '0919268790', '2022-05-02', 1, 1, 79);
INSERT INTO `MEMBER` (memUuid, memSex, memMail, memPwd, memDep, memNickname, memAddress, memAge, memAlcohol, memAssets, memBirthday, memEdu, memHeight, memIncome, memIsvip, memLgd, memMarry, memName, memPhone, memRdate, memSmoke, memSta, memWeight) VALUES('508e6dc3-a47e-40ad-9ac6-ec7f73b5493e', 2, 'test003@gmail.com.com', '1B900505D908B7F91BEFE67971B15201', 'test', 'Lily', '基隆市仁愛區XXXXXX路', 30, 1, 150, '1991-10-23', 2, 174, 60, 0, 4, 0, '蔡孟辰', '0919268790', '2022-04-25', 1, 1, 79);
INSERT INTO `MEMBER` (memUuid, memSex, memMail, memPwd, memDep, memNickname, memAddress, memAge, memAlcohol, memAssets, memBirthday, memEdu, memHeight, memIncome, memIsvip, memLgd, memMarry, memName, memPhone, memRdate, memSmoke, memSta, memWeight) VALUES('680043b8-0e40-490e-931f-afa9747ec0c1', 1, 'test006@gmail.com.com', '1B900505D908B7F91BEFE67971B15201', 'test', 'Frank', '基隆市仁愛區XXXXXX路', 30, 1, 150, '1991-10-23', 2, 174, 60, 0, 1, 0, '葉奕緯', '0919268790', '2022-04-25', 1, 1, 79);
INSERT INTO `MEMBER` (memUuid, memSex, memMail, memPwd, memDep, memNickname, memAddress, memAge, memAlcohol, memAssets, memBirthday, memEdu, memHeight, memIncome, memIsvip, memLgd, memMarry, memName, memPhone, memRdate, memSmoke, memSta, memWeight) VALUES('6dba5ade-f977-410f-a680-d973635ad8e8', 1, 'test002@gmail.com.com', '1B900505D908B7F91BEFE67971B15201', 'test', 'Tail', '基隆市仁愛區XXXXXX路', 30, 1, 150, '1991-10-23', 2, 174, 60, 0, 77, 0, '李定輝', '0919268790', '2022-05-03', 1, 1, 79);
INSERT INTO `MEMBER` (memUuid, memSex, memMail, memPwd, memDep, memNickname, memAddress, memAge, memAlcohol, memAssets, memBirthday, memEdu, memHeight, memIncome, memIsvip, memLgd, memMarry, memName, memPhone, memRdate, memSmoke, memSta, memWeight) VALUES('7f3afa13-e25e-40d4-afd3-21600f7f9903', 2, 'test004@gmail.com.com', '1B900505D908B7F91BEFE67971B15201', 'test', 'JU', '基隆市仁愛區XXXXXX路', 30, 1, 150, '1991-10-23', 2, 174, 60, 0, 1, 0, '黃潔詠', '0919268790', '2022-04-25', 1, 1, 79);
INSERT INTO `MEMBER` (memUuid, memSex, memMail, memPwd, memDep, memNickname, memAddress, memAge, memAlcohol, memAssets, memBirthday, memEdu, memHeight, memIncome, memIsvip, memLgd, memMarry, memName, memPhone, memRdate, memSmoke, memSta, memWeight) VALUES('9d2f276c-5f1f-4d92-ac33-43b20a1c8fc7', 1, 'test001@gmail.com.com', '1B900505D908B7F91BEFE67971B15201', 'test', 'Paul', '基隆市仁愛區XXXXXX路', 30, 1, 150, '1991-10-23', 2, 174, 60, 0, 17, 0, '李慶寶', '0919268790', '2022-04-25', 1, 1, 79);
INSERT INTO `MEMBER` (memUuid, memSex, memMail, memPwd, memDep, memNickname, memAddress, memAge, memAlcohol, memAssets, memBirthday, memEdu, memHeight, memIncome, memIsvip, memLgd, memMarry, memName, memPhone, memRdate, memSmoke, memSta, memWeight) VALUES('e8bd588c-8bc0-4b06-bf14-db8049c821de', 0, 'admin', 'DA82BE6BB3611B3F0FBEFDF2A31F10AE', 'admin', 'admin', '基隆市仁愛區XXXXXX路', 30, 1, 150, '1991-10-23', 2, 199, 60, 0, 8, 0, 'admin', '0919268790', '2022-05-08', 1, 1, 100);
INSERT INTO `MEMBER` (memUuid, memSex, memMail, memPwd, memDep, memNickname, memAddress, memAge, memAlcohol, memAssets, memBirthday, memEdu, memHeight, memIncome, memIsvip, memLgd, memMarry, memName, memPhone, memRdate, memSmoke, memSta, memWeight) VALUES('eb7e6e77-d889-40a9-a137-2594decb1240', 1, 'test005@gmail.com.com', '1B900505D908B7F91BEFE67971B15201', 'test', 'Black', '基隆市仁愛區XXXXXX路', 30, 1, 150, '1991-10-23', 2, 174, 60, 0, 1, 0, '許正旻', '0919268790', '2022-04-25', 1, 1, 79);


INSERT INTO MEMBERIMAGE (memUuid, imageUrl) VALUES('6dba5ade-f977-410f-a680-d973635ad8e8', '/sweetNet/images/6dba5ade-f977-410f-a680-d973635ad8e8/1651999745427.jpeg');
INSERT INTO MEMBERIMAGE (memUuid, imageUrl) VALUES('6dba5ade-f977-410f-a680-d973635ad8e8', '/sweetNet/images/6dba5ade-f977-410f-a680-d973635ad8e8/1651999745448.jpeg');
INSERT INTO MEMBERIMAGE (memUuid, imageUrl) VALUES('6dba5ade-f977-410f-a680-d973635ad8e8', '/sweetNet/images/6dba5ade-f977-410f-a680-d973635ad8e8/1651999745452.jpeg');
INSERT INTO MEMBERIMAGE (memUuid, imageUrl) VALUES('6dba5ade-f977-410f-a680-d973635ad8e8', '/sweetNet/images/6dba5ade-f977-410f-a680-d973635ad8e8/1651999746337.jpeg');
INSERT INTO MEMBERIMAGE (memUuid, imageUrl) VALUES('6dba5ade-f977-410f-a680-d973635ad8e8', '/sweetNet/images/6dba5ade-f977-410f-a680-d973635ad8e8/1651999746346.jpeg');
INSERT INTO MEMBERIMAGE (memUuid, imageUrl) VALUES('6dba5ade-f977-410f-a680-d973635ad8e8', '/sweetNet/images/6dba5ade-f977-410f-a680-d973635ad8e8/1651999746352.jpeg');
INSERT INTO MEMBERIMAGE (memUuid, imageUrl) VALUES('6dba5ade-f977-410f-a680-d973635ad8e8', '/sweetNet/images/6dba5ade-f977-410f-a680-d973635ad8e8/1651999746903.jpeg');
INSERT INTO MEMBERIMAGE (memUuid, imageUrl) VALUES('6dba5ade-f977-410f-a680-d973635ad8e8', '/sweetNet/images/6dba5ade-f977-410f-a680-d973635ad8e8/1651999746909.jpeg');
INSERT INTO MEMBERIMAGE (memUuid, imageUrl) VALUES('6dba5ade-f977-410f-a680-d973635ad8e8', '/sweetNet/images/6dba5ade-f977-410f-a680-d973635ad8e8/1651999746914.jpeg');
INSERT INTO MEMBERIMAGE (memUuid, imageUrl) VALUES('6dba5ade-f977-410f-a680-d973635ad8e8', '/sweetNet/images/6dba5ade-f977-410f-a680-d973635ad8e8/1651999747535.jpeg');
INSERT INTO MEMBERIMAGE (memUuid, imageUrl) VALUES('6dba5ade-f977-410f-a680-d973635ad8e8', '/sweetNet/images/6dba5ade-f977-410f-a680-d973635ad8e8/1651999747541.jpeg');
INSERT INTO MEMBERIMAGE (memUuid, imageUrl) VALUES('6dba5ade-f977-410f-a680-d973635ad8e8', '/sweetNet/images/6dba5ade-f977-410f-a680-d973635ad8e8/1651999747547.jpeg');
INSERT INTO MEMBERIMAGE (memUuid, imageUrl) VALUES('6dba5ade-f977-410f-a680-d973635ad8e8', '/sweetNet/images/6dba5ade-f977-410f-a680-d973635ad8e8/1652001270362.jpeg');
INSERT INTO MEMBERIMAGE (memUuid, imageUrl) VALUES('6dba5ade-f977-410f-a680-d973635ad8e8', '/sweetNet/images/6dba5ade-f977-410f-a680-d973635ad8e8/1652009753460.jpeg');
INSERT INTO MEMBERIMAGE (memUuid, imageUrl) VALUES('6dba5ade-f977-410f-a680-d973635ad8e8', '/sweetNet/images/6dba5ade-f977-410f-a680-d973635ad8e8/1652009753479.jpeg');
INSERT INTO MEMBERIMAGE (memUuid, imageUrl) VALUES('6dba5ade-f977-410f-a680-d973635ad8e8', '/sweetNet/images/6dba5ade-f977-410f-a680-d973635ad8e8/1652009753489.jpeg');
INSERT INTO MEMBERIMAGE (memUuid, imageUrl) VALUES('6dba5ade-f977-410f-a680-d973635ad8e8', '/sweetNet/images/6dba5ade-f977-410f-a680-d973635ad8e8/1652013993492.jpeg');
INSERT INTO MEMBERIMAGE (memUuid, imageUrl) VALUES('6dba5ade-f977-410f-a680-d973635ad8e8', '/sweetNet/images/6dba5ade-f977-410f-a680-d973635ad8e8/1652013993510.jpeg');
INSERT INTO MEMBERIMAGE (memUuid, imageUrl) VALUES('6dba5ade-f977-410f-a680-d973635ad8e8', '/sweetNet/images/6dba5ade-f977-410f-a680-d973635ad8e8/1652013993533.jpeg');

INSERT INTO MESSAGE (MESSAGEID, SENDID, RECID, STATES) VALUES('26b6a78e-9c4c-48f8-b1af-d2a6fc52df4c', '6dba5ade-f977-410f-a680-d973635ad8e8', '9d2f276c-5f1f-4d92-ac33-43b20a1c8fc7', 1);
INSERT INTO MESSAGE (MESSAGEID, SENDID, RECID, STATES) VALUES('6b3e056b-048d-4656-8c38-952da84947ab', '6dba5ade-f977-410f-a680-d973635ad8e8', '9d2f276c-5f1f-4d92-ac33-43b20a1c8fc7', 0);
INSERT INTO MESSAGE (MESSAGEID, SENDID, RECID, STATES) VALUES('ecc361d3-63fa-4181-a63d-8ee3668a85f3', '6dba5ade-f977-410f-a680-d973635ad8e8', '9d2f276c-5f1f-4d92-ac33-43b20a1c8fc7', 0);
INSERT INTO MESSAGE (MESSAGEID, SENDID, RECID, STATES) VALUES('8759b34e-376a-44c5-bc6a-c24f41595611', '6dba5ade-f977-410f-a680-d973635ad8e8', '9d2f276c-5f1f-4d92-ac33-43b20a1c8fc7', 0);
INSERT INTO MESSAGE (MESSAGEID, SENDID, RECID, STATES) VALUES('ebaf4de9-5167-4856-9753-568c00534bb3', '6dba5ade-f977-410f-a680-d973635ad8e8', '9d2f276c-5f1f-4d92-ac33-43b20a1c8fc7', 0);
INSERT INTO MESSAGE (MESSAGEID, SENDID, RECID, STATES) VALUES('8e33f9c9-1736-460d-bb98-8b82e6e9431d', '6dba5ade-f977-410f-a680-d973635ad8e8', '9d2f276c-5f1f-4d92-ac33-43b20a1c8fc7', 0);
INSERT INTO MESSAGE (MESSAGEID, SENDID, RECID, STATES) VALUES('f2e909cd-ccf9-407c-976c-19d2704e287a', '6dba5ade-f977-410f-a680-d973635ad8e8', '9d2f276c-5f1f-4d92-ac33-43b20a1c8fc7', 0);
INSERT INTO MESSAGE (MESSAGEID, SENDID, RECID, STATES) VALUES('e73f6b59-bc47-427d-a66f-2dec6c3c3c1f', '6dba5ade-f977-410f-a680-d973635ad8e8', '9d2f276c-5f1f-4d92-ac33-43b20a1c8fc7', 0);
INSERT INTO MESSAGE (MESSAGEID, SENDID, RECID, STATES) VALUES('36498a07-faa9-4667-b4f1-668f6389457d', '6dba5ade-f977-410f-a680-d973635ad8e8', '9d2f276c-5f1f-4d92-ac33-43b20a1c8fc7', 0);
INSERT INTO MESSAGE (MESSAGEID, SENDID, RECID, STATES) VALUES('9435f911-a04a-4ccd-b9b0-fc76427ced85', '6dba5ade-f977-410f-a680-d973635ad8e8', '9d2f276c-5f1f-4d92-ac33-43b20a1c8fc7', 0);
INSERT INTO MESSAGE (MESSAGEID, SENDID, RECID, STATES) VALUES('8b68751c-7b35-4a53-909a-4a3520b0edf3', '6dba5ade-f977-410f-a680-d973635ad8e8', '9d2f276c-5f1f-4d92-ac33-43b20a1c8fc7', 0);
INSERT INTO MESSAGE (MESSAGEID, SENDID, RECID, STATES) VALUES('4a110e0d-1ebc-4ae7-90d8-3dab9930a23b', '6dba5ade-f977-410f-a680-d973635ad8e8', '9d2f276c-5f1f-4d92-ac33-43b20a1c8fc7', 0);
INSERT INTO MESSAGE (MESSAGEID, SENDID, RECID, STATES) VALUES('8c11744d-d5e0-4f51-bfc3-a24648e3d80a', '6dba5ade-f977-410f-a680-d973635ad8e8', '9d2f276c-5f1f-4d92-ac33-43b20a1c8fc7', 0);
INSERT INTO MESSAGE (MESSAGEID, SENDID, RECID, STATES) VALUES('90da207b-b49b-4e29-a6c5-5bee611bfb3f', '6dba5ade-f977-410f-a680-d973635ad8e8', '9d2f276c-5f1f-4d92-ac33-43b20a1c8fc7', 0);
INSERT INTO MESSAGE (MESSAGEID, SENDID, RECID, STATES) VALUES('ee9fd31e-ac7e-42f1-adba-e70389b4b4fd', '6dba5ade-f977-410f-a680-d973635ad8e8', '9d2f276c-5f1f-4d92-ac33-43b20a1c8fc7', 0);
INSERT INTO MESSAGE (MESSAGEID, SENDID, RECID, STATES) VALUES('311c7d34-449b-4f5b-9042-20e779ad01fc', '6dba5ade-f977-410f-a680-d973635ad8e8', '9d2f276c-5f1f-4d92-ac33-43b20a1c8fc7', 0);
INSERT INTO MESSAGE (MESSAGEID, SENDID, RECID, STATES) VALUES('90e92da1-45ff-42f0-acdf-636dd811c8a6', '6dba5ade-f977-410f-a680-d973635ad8e8', '9d2f276c-5f1f-4d92-ac33-43b20a1c8fc7', 0);
INSERT INTO MESSAGE (MESSAGEID, SENDID, RECID, STATES) VALUES('6245a218-c89e-416a-a80a-d98e067f447f', '6dba5ade-f977-410f-a680-d973635ad8e8', '6dba5ade-f977-410f-a680-d973635ad8e8', 0);
INSERT INTO MESSAGE (MESSAGEID, SENDID, RECID, STATES) VALUES('595667f8-2761-4295-8488-43aa61232c73', '6dba5ade-f977-410f-a680-d973635ad8e8', '6dba5ade-f977-410f-a680-d973635ad8e8', 1);
INSERT INTO MESSAGE (MESSAGEID, SENDID, RECID, STATES) VALUES('c80e162b-d086-4b90-a574-2509874c379d', '6dba5ade-f977-410f-a680-d973635ad8e8', 'e8bd588c-8bc0-4b06-bf14-db8049c821de', 0);
INSERT INTO MESSAGE (MESSAGEID, SENDID, RECID, STATES) VALUES('4815e3ae-19eb-468a-89c2-329510b40654', 'e8bd588c-8bc0-4b06-bf14-db8049c821de', 'e8bd588c-8bc0-4b06-bf14-db8049c821de', 0);

INSERT INTO MESSAGECONTENT (MESSAGEID, CONTENT, PDATE) VALUES('26b6a78e-9c4c-48f8-b1af-d2a6fc52df4c', 0x546869732069732074657374206D6573736167, '2022-05-09 02:19:22');
INSERT INTO MESSAGECONTENT (MESSAGEID, CONTENT, PDATE) VALUES('311c7d34-449b-4f5b-9042-20e779ad01fc', 0x546869732069732074657374206D657373616731, '2022-05-15 12:38:45');
INSERT INTO MESSAGECONTENT (MESSAGEID, CONTENT, PDATE) VALUES('36498a07-faa9-4667-b4f1-668f6389457d', 0x546869732069732074657374206D6573736167, '2022-05-09 02:42:23');
INSERT INTO MESSAGECONTENT (MESSAGEID, CONTENT, PDATE) VALUES('4815e3ae-19eb-468a-89c2-329510b40654', 0xE7B5A6E7AEA1E79086E593A1, '2022-05-15 11:04:50');
INSERT INTO MESSAGECONTENT (MESSAGEID, CONTENT, PDATE) VALUES('4a110e0d-1ebc-4ae7-90d8-3dab9930a23b', 0x546869732069732074657374206D6573736167, '2022-05-09 02:50:24');
INSERT INTO MESSAGECONTENT (MESSAGEID, CONTENT, PDATE) VALUES('595667f8-2761-4295-8488-43aa61232c73', 0x546869732069732074657374206D657373616731, '2022-05-15 05:30:41');
INSERT INTO MESSAGECONTENT (MESSAGEID, CONTENT, PDATE) VALUES('6245a218-c89e-416a-a80a-d98e067f447f', 0x546869732069732074657374206D657373616731, '2022-05-15 01:13:06');
INSERT INTO MESSAGECONTENT (MESSAGEID, CONTENT, PDATE) VALUES('6b3e056b-048d-4656-8c38-952da84947ab', 0x546869732069732074657374206D6573736167, '2022-05-09 02:27:22');
INSERT INTO MESSAGECONTENT (MESSAGEID, CONTENT, PDATE) VALUES('8759b34e-376a-44c5-bc6a-c24f41595611', 0x546869732069732074657374206D6573736167, '2022-05-09 02:44:22');
INSERT INTO MESSAGECONTENT (MESSAGEID, CONTENT, PDATE) VALUES('8b68751c-7b35-4a53-909a-4a3520b0edf3', 0x546869732069732074657374206D6573736167, '2022-05-09 02:44:24');
INSERT INTO MESSAGECONTENT (MESSAGEID, CONTENT, PDATE) VALUES('8c11744d-d5e0-4f51-bfc3-a24648e3d80a', 0x546869732069732074657374206D6573736167, '2022-05-09 02:24:25');
INSERT INTO MESSAGECONTENT (MESSAGEID, CONTENT, PDATE) VALUES('8e33f9c9-1736-460d-bb98-8b82e6e9431d', 0x546869732069732074657374206D6573736167, '2022-05-09 02:09:23');
INSERT INTO MESSAGECONTENT (MESSAGEID, CONTENT, PDATE) VALUES('90da207b-b49b-4e29-a6c5-5bee611bfb3f', 0x546869732069732074657374206D6573736167, '2022-05-09 02:35:27');
INSERT INTO MESSAGECONTENT (MESSAGEID, CONTENT, PDATE) VALUES('90e92da1-45ff-42f0-acdf-636dd811c8a6', 0x546869732069732074657374206D657373616731, '2022-05-15 01:04:06');
INSERT INTO MESSAGECONTENT (MESSAGEID, CONTENT, PDATE) VALUES('9435f911-a04a-4ccd-b9b0-fc76427ced85', 0x546869732069732074657374206D6573736167, '2022-05-09 02:51:23');
INSERT INTO MESSAGECONTENT (MESSAGEID, CONTENT, PDATE) VALUES('c80e162b-d086-4b90-a574-2509874c379d', 0xE7B5A6E7AEA1E79086E593A1, '2022-05-15 05:52:41');
INSERT INTO MESSAGECONTENT (MESSAGEID, CONTENT, PDATE) VALUES('e73f6b59-bc47-427d-a66f-2dec6c3c3c1f', 0x546869732069732074657374206D6573736167, '2022-05-09 02:18:23');
INSERT INTO MESSAGECONTENT (MESSAGEID, CONTENT, PDATE) VALUES('ebaf4de9-5167-4856-9753-568c00534bb3', 0x546869732069732074657374206D6573736167, '2022-05-09 02:45:22');
INSERT INTO MESSAGECONTENT (MESSAGEID, CONTENT, PDATE) VALUES('ecc361d3-63fa-4181-a63d-8ee3668a85f3', 0x546869732069732074657374206D6573736167, '2022-05-09 02:31:22');
INSERT INTO MESSAGECONTENT (MESSAGEID, CONTENT, PDATE) VALUES('ee9fd31e-ac7e-42f1-adba-e70389b4b4fd', 0x546869732069732074657374206D6573736167, '2022-05-15 12:52:44');
INSERT INTO MESSAGECONTENT (MESSAGEID, CONTENT, PDATE) VALUES('f2e909cd-ccf9-407c-976c-19d2704e287a', 0x546869732069732074657374206D6573736167, '2022-05-09 02:13:23');

